{
  "project_info": {
    "project_number": "981988777282",
    "firebase_url": "https://pickmeup-a7f25-default-rtdb.firebaseio.com",
    "project_id": "pickmeup-a7f25",
    "storage_bucket": "pickmeup-a7f25.appspot.com"
  },
  "client": [
    {
      "client_info": {
        "mobilesdk_app_id": "1:981988777282:android:7f016e56536acdff6efcdb",
        "android_client_info": {
          "package_name": "com.inuom.pickmeup"
        }
      },
      "oauth_client": [
        {
          "client_id": "981988777282-n1q5am0bvmoi8d7r31q1nb1f06evm9hk.apps.googleusercontent.com",
          "client_type": 3
        }
      ],
      "api_key": [
        {
          "current_key": "AIzaSyAjRGpcqCxmav_a9bD8_rvPMURULGNXRD4"
        }
      ],
      "services": {
        "appinvite_service": {
          "other_platform_oauth_client": [
            {
              "client_id": "981988777282-n1q5am0bvmoi8d7r31q1nb1f06evm9hk.apps.googleusercontent.com",
              "client_type": 3
            }
          ]
        }
      }
    }
  ],
  "configuration_version": "1"
}